Song,Artist
Beggin',Måneskin
STAY (with Justin Bieber),The Kid LAROI
good 4 u,Olivia Rodrigo
Bad Habits,Ed Sheeran
INDUSTRY BABY (feat. Jack Harlow),Lil Nas X
MONTERO (Call Me By Your Name),Lil Nas X
Kiss Me More (feat. SZA),Doja Cat
Todo De Ti,Rauw Alejandro
Yonaguni,Bad Bunny
I WANNA BE YOUR SLAVE,Måneskin
Levitating (feat. DaBaby),Dua Lipa
Qué Más Pues?,"J Balvin, Maria Becerra"
Permission to Dance,BTS
Peaches (feat. Daniel Caesar & Giveon),Justin Bieber
Butter,BTS
traitor,Olivia Rodrigo
deja vu,Olivia Rodrigo
Save Your Tears (with Ariana Grande) (Remix),The Weeknd
AM Remix,"Nio Garcia, J Balvin, Bad Bunny"
Need To Know,Doja Cat
Volando - Remix,"Mora, Bad Bunny, Sech"
Ain't Shit,Doja Cat
drivers license,Olivia Rodrigo
Heat Waves,Glass Animals
Blinding Lights,The Weeknd
happier,Olivia Rodrigo
Pepas,Farruko
Motley Crew,Post Malone
Friday (feat. Mufasa & Hypeman) - Dopamine Re-Edit,"Riton, Nightcrawlers"
Astronaut In The Ocean,Masked Wolf
Leave The Door Open,"Bruno Mars, Anderson .Paak, Silk Sonic"
Don't Go Yet,Camila Cabello
favorite crime,Olivia Rodrigo
Pareja Del Año,"Sebastian Yatra, Myke Towers"
Watermelon Sugar,Harry Styles
NOT SOBER (feat. Polo G & Stunna Gambino),The Kid LAROI
RAPSTAR,Polo G
You Right,"Doja Cat, The Weeknd"
911 - Remix,"Sech, Jhay Cortez"
DÁKITI,"Bad Bunny, Jhay Cortez"
Miénteme,"TINI, Maria Becerra"
"jealousy, jealousy",Olivia Rodrigo
Poblado - Remix,"J Balvin, KAROL G, Nicky Jam, Crissin, Totoy El Frio, Natan & Shander"
Dynamite,BTS
The Business,Tiësto
Heartbreak Anthem (with David Guetta & Little Mix),Galantis
Mood (feat. iann dior),24kGoldn
Entre Nosotros,"Tiago PZK, LIT killah"
Fiel - Remix,"Wisin, Jhay Cortez, Anuel AA, Los Legendarios, Myke Towers"
Build a Bitch,Bella Poarch
"Nicky Jam: Bzrp Music Sessions, Vol. 41","Bizarrap, Nicky Jam"
Tiroteo - Remix,"Marc Seguí, Rauw Alejandro, Pol Granch"
NDA,Billie Eilish
Rasputin,"Majestic, Boney M."
Leave Before You Love Me (with Jonas Brothers),Marshmello
Freaks,Surf Curse
Meu Pedaço de Pecado,João Gomes
2/Catorce,"Rauw Alejandro, Mr. Naisgai"
Beautiful Mistakes (feat. Megan Thee Stallion),Maroon 5
Run,OneRepublic
Thot Shit,Megan Thee Stallion
Your Love (9PM),"ATB, Topic, A7S"
brutal,Olivia Rodrigo
Save Your Tears,The Weeknd
Heartbreak Anniversary,Giveon
Don't Start Now,Dua Lipa
Dinero,Trinidad Cardona
Sweater Weather,The Neighbourhood
Sobrio,Maluma
Someone You Loved,Lewis Capaldi
Over The Top (feat. Drake),Smiley
2055,Sleepy Hallow
EL MAKINON,"KAROL G, Mariah Angeliq"
Loco,"Justin Quiles, Chimbala, Zion & Lennox"
Love Tonight - Edit,Shouse
ZITTI E BUONI,Måneskin
telepatía,Kali Uchis
Botella Tras Botella,"Gera MX, Christian Nodal"
Fiel,"Los Legendarios, Wisin, Jhay Cortez"
Dance Monkey,Tones And I
WITHOUT YOU,The Kid LAROI
Wants and Needs (feat. Lil Baby),Drake
Bezos I,Bo Burnham
Love Again,Dua Lipa
Goosebumps - Remix,"Travis Scott, HVME"
Head & Heart (feat. MNEK),Joel Corry
BED,"Joel Corry, RAYE, David Guetta"
Iko Iko (My Bestie),"Justin Wellington, Small Jam"
Better Believe,"Belly, The Weeknd, Young Thug"
Arcade,Duncan Laurence
512,"Mora, Jhay Cortez"
positions,Ariana Grande
Circles,Post Malone
Blaues Licht,"RAF Camora, Bonez MC"
Ram Pam Pam,"Natti Natasha, Becky G"
In Da Getto,"J Balvin, Skrillex"
Woman,Doja Cat
t r a n s p a r e n t s o u l feat. Travis Barker,WILLOW
Clash (feat. Stormzy),Dave
Before You Go,Lewis Capaldi
Levitating,Dua Lipa
Reckless,Madison Beer
"No Me Conocen (Remix) [con DUKI, Rei & Tiago PZK]",BANDIDO
Believer,Imagine Dragons
"Lemonade (feat. Gunna, Don Toliver & NAV)",Internet Money
Talking to the Moon,Bruno Mars
Roses - Imanbek Remix,SAINt JHN
Sal y Perrea,Sech
Fulanito,"Becky G, El Alfa"
París,Ingratax
lovely (with Khalid),Billie Eilish
Sunflower - Spider-Man: Into the Spider-Verse,"Post Malone, Swae Lee"
double take,dhruv
Streets,Doja Cat
By Your Side (feat. Tom Grennan),Calvin Harris
MORENA,Luan Santana
Shape of You,Ed Sheeran
Señorita,"Shawn Mendes, Camila Cabello"
Hold On,Justin Bieber
Perfect,Ed Sheeran
2:50 Remix,"MYA, TINI, Duki"
LA NOCHE DE ANOCHE,"Bad Bunny, ROSALÍA"
ROCKSTAR (feat. Roddy Ricch),DaBaby
Heather,Conan Gray
you broke me first,Tate McRae
The Nights,Avicii
Riptide,Vance Joy
Smells Like Teen Spirit,Nirvana
enough for you,Olivia Rodrigo
Daddy Issues,The Neighbourhood
Aquelas Coisas,João Gomes
Miss The Rage (feat. Playboi Carti),Trippie Redd
Memories,Maroon 5
Another Love,Tom Odell
Here's Your Perfect,Jamie Miller
Take Me To Church,Hozier
Little Bit of Love,Tom Grennan
Ficha Limpa,Gusttavo Lima
Up,Cardi B
Hawái,Maluma
New Normal,Khalid
Bohemian Rhapsody - Remastered 2011,Queen
Bandido,"Myke Towers, Juhn"
Paradise (feat. Dermot Kennedy),MEDUZA
goosebumps,Travis Scott
Wasted Love (feat. Lagique),Ofenbach
KESI - Remix,"Camilo, Shawn Mendes"
Shallow,"Lady Gaga, Bradley Cooper"
Tell Em,"Cochise, $NOT"
"Não, Não Vou",Mari Fernandez
Counting Stars,OneRepublic
Yellow,Coldplay
Como Si No Importara,"Emilia, Duki"
Se For Amor,"João Gomes, Vitor Fernandes"
Wake Me Up,Avicii
Baby Me Atende,"Matheus Fernandes, Dilsinho"
Ramenez la coupe à la maison,Vegedream
What You Know Bout Love,Pop Smoke
Runaway,AURORA
Red Light Green Light,DaBaby
Ball If I Want To,DaBaby
Lucid Dreams,Juice WRLD
Calling My Phone,"Lil Tjay, 6LACK"
34+35,Ariana Grande
bad guy,Billie Eilish
Cover Me In Sunshine,"P!nk, Willow Sage Hart"
For The Night (feat. Lil Baby & DaBaby),Pop Smoke
"1 step forward, 3 steps back",Olivia Rodrigo
WAP (feat. Megan Thee Stallion),Cardi B
Mr. Brightside,The Killers
Every Breath You Take,The Police
Dreams - 2004 Remaster,Fleetwood Mac
Say You Won't Let Go,James Arthur
Wild Side (feat. Cardi B),Normani
Bout A Million (feat. 42 Dugg & 21 Savage),Pop Smoke
Demeanor (feat. Dua Lipa),Pop Smoke
death bed (coffee for your head),"Powfu, beabadoobee"
Our Song,"Anne-Marie, Niall Horan"
Another One Bites The Dust - Remastered 2011,Queen
One Dance,"Drake, WizKid, Kyla"
Adore You,Harry Styles
As the World Caves In,Sarah Cothran
Fancy Like,Walker Hayes
Cúrame,Rauw Alejandro
All of Me,John Legend
Martin & Gina,Polo G
Dior,Pop Smoke
Best Friend (feat. Doja Cat),Saweetie
The Hills,The Weeknd
Good Days,SZA
Kiss My (Uh Oh),"Anne-Marie, Little Mix"
De Museo,Bad Bunny
7 rings,Ariana Grande
Chosen (feat. Ty Dolla $ign),"Blxst, Tyga"
Não Nasceu pra Namorar,"MC Zaquin, MC Rick"
Breaking Me,"Topic, A7S"
penhasco.,Luísa Sonza
Late At Night,Roddy Ricch
Verdansk,Dave
The Real Slim Shady,Eminem
Tell The Vision (feat. Kanye West & Pusha T),Pop Smoke
Woo Baby (feat. Chris Brown),Pop Smoke
Holy Smokes,"Trippie Redd, Lil Uzi Vert"
More Time,Pop Smoke
Coupe,Pop Smoke
Holiday,KSI
Manslaughter (feat. Rick Ross & The-Dream),Pop Smoke
Genius (feat. Lil Tjay & Swae Lee),Pop Smoke
WUSYANAME (feat. Youngboy Never Broke Again & Ty Dolla $ign),"Tyler, The Creator"
Sommergewitter,Pashanim
"Body (Remix) [feat. ArrDee, E1 (3x3), ZT (3x3), Bugzy Malone, Buni, Fivio Foreign & Darkoo]","Tion Wayne, Russ Millions"
Brush Em (feat. Rah Swish),Pop Smoke
AM,"Nio Garcia, Flow La Movie"
MI FAI IMPAZZIRE,"BLANCO, Sfera Ebbasta"
Ride It,Regard
Lost Cause,Billie Eilish
Shot in the Dark,John Mayer
Wrecked,Imagine Dragons
Bipolar,"Mc Davi, Mc Pedrinho, Mc Don Juan"
"His & Hers (feat. Don Toliver, Lil Uzi Vert & Gunna)",Internet Money
Follow You,Imagine Dragons
We're Good,Dua Lipa
Life Goes On,BTS
911,Sech
Baila Conmigo (with Rauw Alejandro),Selena Gomez
The Jackie (with J. Cole & Lil Tjay),Bas
hope ur ok,Olivia Rodrigo
Faz Amor Comigo Só Hoje - Ao Vivo,"Israel & Rodolffo, Wesley Safadão"
Alcohol-Free,TWICE
WHOLE LOTTA MONEY (feat. Nicki Minaj) - Remix,BIA
Memory,"Kane Brown, blackbear"
Me Fije,"Alex Rose, Rauw Alejandro"
"Volta Bebê, Volta Neném","Dj Guuga, DJ Ivis"
Aloha,"Maluma, Beéle, Rauw Alejandro, Mambo Kingz, DJ Luian, Darell"
Sexo Virtual,Rauw Alejandro
Closer,"The Chainsmokers, Halsey"
Wonderwall - Remastered,Oasis
Wasting Time ( feat. Drake ),Brent Faiyaz
I Don't Do Drugs (feat. Ariana Grande),Doja Cat
Renegade (feat. Taylor Swift),Big Red Machine
JUGGERNAUT (feat. Lil Uzi Vert & Pharrell Williams),"Tyler, The Creator"
All Eyes On Me,Bo Burnham
EVERY CHANCE I GET (feat. Lil Baby & Lil Durk),DJ Khaled
Dick (feat. Doja Cat),StarBoi3
Solar Power,Lorde
Your Power,Billie Eilish
Lieben wir,Shirin David
Whoopty,CJ
Batom de Cereja - Ao Vivo,Israel & Rodolffo
Prisoner (feat. Dua Lipa),Miley Cyrus
Stereo Hearts (feat. Adam Levine),Gym Class Heroes
Reloj,"Rauw Alejandro, Anuel AA"
malibu,sangiovanni
"Eladio Carrion: Bzrp Music Sessions, Vol. 40","Bizarrap, Eladio Carrion"
Do I Wanna Know?,Arctic Monkeys
LUMBERJACK,"Tyler, The Creator"
LEMONHEAD (feat. 42 Dugg),"Tyler, The Creator"
HOT WIND BLOWS (feat. Lil Wayne),"Tyler, The Creator"
CORSO,"Tyler, The Creator"
SWEET / I THOUGHT YOU WANTED TO DANCE (feat. Brent Faiyaz & Fana Hues),"Tyler, The Creator"
SIR BAUDELAIRE (feat. DJ Drama),"Tyler, The Creator"
MASSA,"Tyler, The Creator"
RUNITUP (feat. Teezo Touchdown),"Tyler, The Creator"
MANIFESTO (feat. Domo Genesis),"Tyler, The Creator"
Get Into It (Yuh),Doja Cat
WILSHIRE,"Tyler, The Creator"
RISE! (feat. DAISY WORLD),"Tyler, The Creator"
Naked,Doja Cat
Having Our Way (feat. Drake),Migos
Payday (feat. Young Thug),Doja Cat
Been Like This,Doja Cat
MILLE (feat. Orietta Berti),"Fedez, Achille Lauro"
UN DIA (ONE DAY) (Feat. Tainy),"J Balvin, Dua Lipa, Bad Bunny"
Savage Love (Laxed - Siren Beat),"Jawsh 685, Jason Derulo"
Poblado,"Crissin, Totoy El Frio, Natan & Shander"
Hecha Pa' Mi,Boza
working,"Tate McRae, Khalid"
Petrouchka (feat. PLK),Soso Maness
p r i d e . i s . t h e . d e v i l (with Lil Baby),J. Cole
m y . l i f e (with 21 Savage & Morray),J. Cole
Jocelyn Flores,XXXTENTACION
No Return (with The Kid LAROI & Lil Durk),Polo G
The Box,Roddy Ricch
Wellerman - Sea Shanty / 220 KID x Billen Ted Remix,Nathan Evans
Can't Hold Us - feat. Ray Dalton,Macklemore & Ryan Lewis
Anyone,Justin Bieber
my ex's best friend (with blackbear),Machine Gun Kelly
Just the Way You Are,Bruno Mars
HIGHEST IN THE ROOM,Travis Scott
Break My Heart,Dua Lipa
Laugh Now Cry Later (feat. Lil Durk),Drake
We Are The People (feat. Bono & The Edge) - Official UEFA EURO 2020 Song,Martin Garrix
Ella No Es Tuya - Remix,"Rochy RD, Myke Towers, Nicki Nicole"
In the End,Linkin Park
No Role Modelz,J. Cole
SICKO MODE,Travis Scott
Something Just Like This,"The Chainsmokers, Coldplay"
You,"Regard, Troye Sivan, Tate McRae"
Straightenin,Migos
GANG GANG (with Lil Wayne),Polo G
Black Hearted,Polo G
Lost,Maroon 5
Avalanche,Migos
My Head & My Heart,Ava Max
Malibu (feat. Polo G),Migos
GIRL LIKE ME,"Black Eyed Peas, Shakira"
Clueless (with Pop Smoke & Fivio Foreign),Polo G
Modern Day,Migos
Therefore I Am,Billie Eilish
TE MUDASTE,Bad Bunny
Tipo Gin - Ao Vivo,MC Kevin o Chris
Higher Power,Coldplay
SUN GOES DOWN,Lil Nas X
Painting Pictures,Polo G
Rain On Me (with Ariana Grande),Lady Gaga
Hats Off (feat. Travis Scott),"Lil Baby, Lil Durk"
Last Train Home,John Mayer
Voice of the Heroes,"Lil Baby, Lil Durk"
0X1=LOVESONG (I Know I Love you),"TOMORROW X TOGETHER, Seori"
a m a r i,J. Cole
NEVER LEFT,Lil Tecca
Solid (feat. Drake),"Young Stoner Life, Young Thug, Gunna"
La Nota,"Manuel Turizo, Rauw Alejandro, Myke Towers"
Golden,Harry Styles
CORALINE,Måneskin
BICHOTA,KAROL G
Slumber Party (feat. Princess Nokia),Ashnikko
Killer (feat. Jack Harlow & Cordae) - Remix,Eminem
Liberdade (Quando o Grave Bate Forte),"Alok, Mc Don Juan, Dj GBR"
All Girls Are The Same,Juice WRLD
734,Juice WRLD
Boy With Luv (feat. Halsey),BTS
Disco Arranhado - Funk Remix,"Malu, DJ Lucas Beat"
Godzilla (feat. Juice WRLD),Eminem
Blueberry Faygo,Lil Mosey
Somebody That I Used To Know,"Gotye, Kimbra"
Holy (feat. Chance The Rapper),Justin Bieber
Vida Louca,"Mc Poze do Rodo, Neo Beats, Mainstreet"
i n t e r l u d e,J. Cole
Butter (Instrumental),BTS
Film out,BTS
Voilà,Barbara Pravi
Shy Away,Twenty One Pilots
Saturday,Twenty One Pilots
9 5 . s o u t h,J. Cole
Seeing Green (with Drake & Lil Wayne),Nicki Minaj
Dark Side,Blind Channel
SHUM,Go_A
In the morning,ITZY
l e t . g o . m y . h a n d (with Bas & 6LACK),J. Cole
What’s Next,Drake
Ramen & OJ,"Joyner Lucas, Lil Baby"
Cloud 9,Beach Bunny
Tout l'univers,Gjon's Tears
Headshot (feat. Polo G & Fivio Foreign),Lil Tjay
Mask,Dream
10 Years,Daði Freyr
Choker,Twenty One Pilots
a p p l y i n g . p r e s s u r e,J. Cole
1 0 0 . m i l ‘ (with Bas),J. Cole
p u n c h i n ‘ . t h e . c l o c k,J. Cole
t h e . c l i m b . b a c k,J. Cole
h u n g e r . o n . h i l l s i d e (with Bas),J. Cole
c l o s e,J. Cole
WITHOUT YOU (with Miley Cyrus),The Kid LAROI
"Snow Tha Product: Bzrp Music Sessions, Vol. 39","Bizarrap, Snow Tha Product"
Travesuras - Remix,"Nio Garcia, Casper Magico, Ozuna, Wisin & Yandel, Myke Towers, Flow La Movie"
Bubblegum Bitch,MARINA
Falling,Harry Styles
Explícito,Myke Towers
No Te Enamores - Remix,"Milly, Farruko, Nio Garcia, Jay Wheeler, Amenazzy"
PROBLEMA,Daddy Yankee
Lonely (with benny blanco),Justin Bieber
Cupid's Chokehold / Breakfast in America,Gym Class Heroes
If the World Was Ending - feat. Julia Michaels,JP Saxe
"I DID IT (feat. Post Malone, Megan Thee Stallion, Lil Baby & DaBaby)",DJ Khaled
Body,"Russ Millions, Tion Wayne"
everything i wanted,Billie Eilish
What You Need,Don Toliver
"L-Gante: Bzrp Music Sessions, Vol.38","Bizarrap, L-Gante"
HOLIDAY,Lil Nas X
At My Worst,Pink Sweat$
Life Is Good (feat. Drake),Future
Extasy,"187 Strassenbande, Bonez MC, Frauenarzt"
Wishing Well,Juice WRLD
Fan de Tus Fotos,"Nicky Jam, Romeo Santos"
Tapão Na Raba,Raí Saia Rodada
Machu Picchu,"Camilo, Evaluna Montaner"
Come & Go (with Marshmello),Juice WRLD
Robbery,Juice WRLD
Paradigmas,Jorge & Mateus
SugarCrash!,ElyOtto
durag activity (with Travis Scott),Baby Keem
love race (feat. Kellin Quinn),Machine Gun Kelly
POPSTAR (feat. Drake),DJ Khaled
LET IT GO (feat. Justin Bieber & 21 Savage),DJ Khaled
Girl From Rio,Anitta
On The Ground,ROSÉ
Mr. Perfectly Fine (Taylor’s Version) (From The Vault),Taylor Swift
when the party's over,Billie Eilish
Otra Noche Sin Ti,"J Balvin, Khalid"
Met Him Last Night (feat. Ariana Grande),Demi Lovato
Back In Blood (feat. Lil Durk),Pooh Shiesty
Run It Up (feat. Offset & Moneybagg Yo),Lil Tjay
Mi Niña,"Wisin, Myke Towers, Los Legendarios"
As I Am (feat. Khalid),Justin Bieber
Come Through (feat. Chris Brown),H.E.R.
Goosebumps,HVME
Put Your Records On,Ritt Momney
Facas - Ao Vivo,"Diego & Victor Hugo, Bruno & Marrone"
Train Wreck,James Arthur
Monster (Shawn Mendes & Justin Bieber),Shawn Mendes
In Your Eyes,The Weeknd
SAD!,XXXTENTACION
Good Without,Mimi Webb
hot girl bummer,blackbear
When I Was Your Man,Bruno Mars
LOCATION,"KAROL G, Anuel AA, J Balvin"
Stressed Out,Twenty One Pilots
Ski,"Young Stoner Life, Young Thug, Gunna"
Diamonds Dancing (feat. Travis Scott),"Young Stoner Life, Young Thug, Gunna"
Love Story (Taylor’s Version),Taylor Swift
"Ele É Ele, Eu Sou Eu","Wesley Safadão, Os Barões Da Pisadinha"
Quero Ver é Me Esquecer (feat. Jorge) - Ao Vivo,Os Barões Da Pisadinha
willow,Taylor Swift
Why'd You Only Call Me When You're High?,Arctic Monkeys
Afterglow,Ed Sheeran
LA CANCIÓN,"J Balvin, Bad Bunny"
You Belong With Me (Taylor’s Version),Taylor Swift
Fearless (Taylor’s Version),Taylor Swift
X Gon' Give It To Ya,DMX
Fifteen (Taylor’s Version),Taylor Swift
The Way I Loved You (Taylor’s Version),Taylor Swift
You All Over Me (feat. Maren Morris) (Taylor’s Version) (From The Vault),Taylor Swift
Hey Stephen (Taylor’s Version),Taylor Swift
White Horse (Taylor’s Version),Taylor Swift
Forever & Always (Taylor’s Version),Taylor Swift
Breathe (feat. Colbie Caillat) (Taylor’s Version),Taylor Swift
Ruff Ryders' Anthem,DMX
That’s When (feat. Keith Urban) (Taylor’s Version) (From The Vault),Taylor Swift
Tell Me Why (Taylor’s Version),Taylor Swift
You’re Not Sorry (Taylor’s Version),Taylor Swift
Chica Ideal,"Sebastian Yatra, Guaynaa"
Relación - Remix,"Sech, Daddy Yankee, J Balvin, ROSALÍA, Farruko"
Don’t You (Taylor’s Version) (From The Vault),Taylor Swift
We Were Happy (Taylor’s Version) (From The Vault),Taylor Swift
WACHA,"KHEA, Duki"
Dancing With The Devil,Demi Lovato
Gone,ROSÉ
What Other People Say,"Sam Fischer, Demi Lovato"
Hello (feat. A Boogie Wit da Hoodie),Pop Smoke
Hasta Abajo,"Kevin Roldan, Bryant Myers, Lyanno"
Take You Dancing,Jason Derulo
Unstable (feat. The Kid LAROI),Justin Bieber
Stuck with U (with Justin Bieber),Ariana Grande
Hayloft,Mother Mother
Esquema Preferido (feat. Tarcísio do Acordeon),DJ Ivis
Además de Mí - Remix,"Rusherking, KHEA, Duki, Maria Becerra, LIT killah, Tiago PZK"
Payphone,"Maroon 5, Wiz Khalifa"
Ghost,Justin Bieber
Off My Face,Justin Bieber
"Whats Poppin (feat. DaBaby, Tory Lanez & Lil Wayne) [Remix] - Bonus Track",Jack Harlow
Take on Me,a-ha
BEBÉ,"Camilo, El Alfa"
Richer (feat. Polo G),Rod Wave
Tu Veneno,J Balvin
Deserve You,Justin Bieber
2 Much,Justin Bieber
Tusa,"KAROL G, Nicki Minaj"
Una Locura,"Ozuna, J Balvin, Chencho Corleone"
Loved By You (feat. Burna Boy),Justin Bieber
Girls Like Us,Zoe Wees
Lemon Pepper Freestyle (feat. Rick Ross),Drake
Esquema Preferido,"DJ Ivis, Tarcísio do Acordeon"
Love Not War (The Tampa Beat),"Jason Derulo, Nuka"
Die For You (feat. Dominic Fike),Justin Bieber
Starboy,"The Weeknd, Daft Punk"
La Tóxica,Farruko
Coração Na Cama - Ao Vivo,Hugo & Guilherme
Love You Different (feat. BEAM),Justin Bieber
Somebody,Justin Bieber
White Dress,Lana Del Rey
Polvo,"Nicky Jam, Myke Towers"
Chemtrails Over The Country Club,Lana Del Rey
Parce (feat. Justin Quiles),"Maluma, Lenny Tavárez"
Ropa Cara,Camilo
Vida de Rico,Camilo
Devil Eyes,Hippie Sabotage
Ponte Pa' Mi,Justin Quiles
Dámelo To’ (feat. Myke Towers),Selena Gomez
Patience (feat. YUNGBLUD & Polo G),KSI
Selfish Love (with Selena Gomez),DJ Snake
Snowman,Sia
DAYWALKER! (feat. CORPSE),Machine Gun Kelly
La Curiosidad,"Jay Wheeler, DJ Nelson, Myke Towers"
All We Got (feat. KIDDO),Robin Schulz
Say So,Doja Cat
Hope,XXXTENTACION
The Less I Know The Better,Tame Impala
I Feel It Coming,"The Weeknd, Daft Punk"
Mood Swings (feat. Lil Tjay),Pop Smoke
Someone To You,BANNERS
To the Bone,Pamungkas
How You Like That,BLACKPINK
LOST,"NF, Hopsin"
VOCE,Madame
AP - Music from the film Boogie,Pop Smoke
Life's A Mess II (with Clever & Post Malone),Juice WRLD
CHIAMAMI PER NOME,"Francesca Michielin, Fedez"
Antes,"Anuel AA, Ozuna"
Mona Lisa,"Booba, JSX"
Real As It Gets (feat. EST Gee),Lil Baby
Se Te Nota (with Guaynaa),Lele Pons
Head Shoulders Knees & Toes (feat. Norma Jean Martine),"Ofenbach, Quarterhead"
Star Shopping,Lil Peep
Electric Love,BØRNS
Maniac,Conan Gray
Only Wanna Be With You - Pokémon 25 Version,Post Malone
test drive,Ariana Grande
Tú Me Dejaste De Querer,"C. Tangana, Niño de Elche, La Húngara"
SO DONE,The Kid LAROI
Jeans,Justin Quiles
ROXANNE,Arizona Zervas
rockstar (feat. 21 Savage),Post Malone
Párteme La Cara,"C. Tangana, Ed Maverick"
Without Me,Halsey
BOOKER T,Bad Bunny
Intentions (feat. Quavo),Justin Bieber
Sofia,Clairo
Photograph,Ed Sheeran
"34+35 Remix (feat. Doja Cat, Megan Thee Stallion) - Remix",Ariana Grande
Madonna,"Bausa, Apache 207"
CLOUDS,NF
Wonder,Shawn Mendes
Skin,Sabrina Carpenter
Tyler Herro,Jack Harlow
Remember That Night?,Sara Kays
Lifestyle (feat. Adam Levine),"Jason Derulo, Maroon 5"
Fly Away,Tones And I
Despeinada,"Ozuna, Camilo"
motive (with Doja Cat),Ariana Grande
I Don't Care (with Justin Bieber),Ed Sheeran
"Ay, DiOs Mío!",KAROL G
"Nathy Peluso: Bzrp Music Sessions, Vol. 36","Bizarrap, Nathy Peluso"
Hawái - Remix,"Maluma, The Weeknd"
Tattoo - Remix with Camilo,Rauw Alejandro
Meia Noite (Você tem meu Whatsapp),Tarcísio do Acordeon
Moonlight,XXXTENTACION
Thinking out Loud,Ed Sheeran
Toosie Slide,Drake
Earned It (Fifty Shades Of Grey),The Weeknd
ily (i love you baby) (feat. Emilee),Surf Mesa
Wonderwall,Oasis
Everybody Dies In Their Nightmares,XXXTENTACION
Bad Boy (with Young Thug),Juice WRLD
Lo Vas A Olvidar (with ROSALÍA),Billie Eilish
Floating Through Space,"Sia, David Guetta"
Can't Feel My Face,The Weeknd
You (with Marshmello & Vance Joy),benny blanco
Call Out My Name,The Weeknd
Midnight Sky,Miley Cyrus
Pressure (feat. Tove Lo),Martin Garrix
Can You Feel My Heart,Bring Me The Horizon
Agua de Jamaica,Maluma
Mds,"Kawe, Mc Lele JP"
Heartless,The Weeknd
pov,Ariana Grande
Be Alright,Dean Lewis
Cry Baby (feat. DaBaby),Megan Thee Stallion
Mi Cuarto,Jerry Di
Ohne Dich,"KASIMIR1441, badmómzjay, WILDBWOYS"
"Gravity (feat. Tyler, The Creator)","Brent Faiyaz, DJ Dahi"
Vibez,ZAYN
"All I Want - From ""High School Musical: The Musical: The Series""",Olivia Rodrigo
Daisy,Ashnikko
Wasted On You,Morgan Wallen
La Jeepeta - Remix,"Nio Garcia, Anuel AA, Myke Towers, Brray, Juanka"
Los Dioses,"Anuel AA, Ozuna"
Si Me Tomo Una Cerveza,"Migrantes, Alico"
Somebody’s Problem,Morgan Wallen
De Una Vez,Selena Gomez
Way Out (feat. Big Sean),Jack Harlow
Diamonds,Sam Smith
Dancing in My Room,347aidan
De Cora <3,"Rauw Alejandro, J Balvin"
champagne problems,Taylor Swift
Go Crazy,"Chris Brown, Young Thug"
Reminds Me Of You,"Juice WRLD, The Kid LAROI"
Don't Play,"Anne-Marie, KSI, Digital Farm Animals"
MODO TURBO,"Luísa Sonza, Pabllo Vittar, Anitta"
Buss It,Erica Banks
Kings & Queens,Ava Max
Lovesick Girls,BLACKPINK
Caramelo,Ozuna
Deep End,Fousheé
Sand In My Boots,Morgan Wallen
865,Morgan Wallen
7 Summers,Morgan Wallen
HACIENDO QUE ME AMAS,Bad Bunny
La Luz,"Sech, J Balvin"
The Woo (feat. 50 Cent & Roddy Ricch),Pop Smoke
More Than My Hometown,Morgan Wallen
Warning,Morgan Wallen
Recairei - Ao Vivo,Os Barões Da Pisadinha
Ice Cream (with Selena Gomez),BLACKPINK
Be Kind (with Halsey),Marshmello
Fever,"Dua Lipa, Angèle"
Angst,Apache 207
"no body, no crime (feat. HAIM)",Taylor Swift
Sunday Best,Surfaces
Amor ou o Litrão,"Petter Ferraz, Menor Nico"
Happier,"Marshmello, Bastille"
Don't Stop Me Now - Remastered 2011,Queen
Azul,J Balvin
Basta Você Me Ligar - Ao Vivo,"Os Barões Da Pisadinha, Xand Avião"
Tequila Shots,Kid Cudi
Lose Control,"MEDUZA, Becky Hill, Goodboys"
I CAN'T STOP ME,TWICE
E-GIRLS ARE RUINING MY LIFE!,"CORPSE, Savage Ga$p"
All I Want for Christmas Is You,Mariah Carey
Last Christmas,Wham!
Santa Tell Me,Ariana Grande
Rockin' Around The Christmas Tree,Brenda Lee
Jingle Bell Rock,Bobby Helms
It's Beginning to Look a Lot like Christmas,Michael Bublé
It's the Most Wonderful Time of the Year,Andy Williams
Underneath the Tree,Kelly Clarkson
Feliz Navidad,José Feliciano
Let It Snow! Let It Snow! Let It Snow!,Dean Martin
Let It Snow! Let It Snow! Let It Snow! (with The B. Swanson Quartet),Frank Sinatra
Mistletoe,Justin Bieber
Sleigh Ride,The Ronettes
Do They Know It's Christmas? - 1984 Version,Band Aid
Wonderful Christmastime - Edited Version / Remastered 2011,Paul McCartney
Holly Jolly Christmas,Michael Bublé
Happy Xmas (War Is Over) - Remastered 2010,"John Lennon, Yoko Ono"
Driving Home for Christmas - 2019 Remaster,Chris Rea
The Christmas Song (Merry Christmas To You),Nat King Cole
White Christmas,"Bing Crosby, Ken Darby Singers, John Scott Trotter & His Orchestra"
Slay3r,Playboi Carti
A Holly Jolly Christmas - Single Version,Burl Ives
Fairytale of New York (feat. Kirsty MacColl),The Pogues
Merry Christmas Everyone,Shakin' Stevens
Blue Christmas,Elvis Presley
Run Rudolph Run - Single Version,Chuck Berry
Santa Claus Is Coming To Town,The Jackson 5
Santa Baby,Kylie Minogue
It's Beginning to Look a Lot Like Christmas (with Mitchell Ayres & His Orchestra),"Perry Como, The Fontane Sisters"
Christmas (Baby Please Come Home),Darlene Love
Step Into Christmas,Elton John
Show Out (with Skepta & Pop Smoke),Kid Cudi
Investe Em Mim,Jonas Esticado
Lance Individual,Jorge & Mateus
Jingle Bell Rock - Daryl's Version,Daryl Hall & John Oates
Thank God It's Christmas - Non-Album Single,Queen
Christmas Lights,Coldplay
Have Yourself A Merry Little Christmas,Sam Smith
Santa's Coming for Us,Sia
My Only Wish (This Year),Britney Spears
"Baby, It's Cold Outside (feat. Meghan Trainor)",Brett Eldredge
Like It's Christmas,Jonas Brothers
Christmas Without You,Ava Max
You Make It Feel Like Christmas (feat. Blake Shelton),Gwen Stefani
Gnat,Eminem
Joy To The World,Nat King Cole
Santa Claus Is Coming to Town,Michael Bublé
Baby It's Cold Outside (duet with Michael Bublé),Idina Menzel
‘tis the damn season,Taylor Swift
I Saw Mommy Kissing Santa Claus,The Jackson 5
Santa Baby (with Henri René & His Orchestra),"Eartha Kitt, Henri Rene & His Orchestra"
Carol of the Bells,"Mykola Dmytrovych Leontovych, John Williams"
gold rush,Taylor Swift
What Christmas Means To Me,Stevie Wonder
The Christmas Song (Shawn Mendes & Camila Cabello),Shawn Mendes
"Baby, It's Cold Outside",Dean Martin
"Santa Claus Is Comin' to Town - Live at C.W. Post College, Greenvale, NY - December 1975",Bruce Springsteen
One More Sleep,Leona Lewis
Little Saint Nick - 1991 Remix,The Beach Boys
Naughty List (with Dixie),Liam Payne
I'll Be Home,Meghan Trainor
Rudolph The Red-Nosed Reindeer,Dean Martin
Mistletoe And Holly - Remastered 1999,Frank Sinatra
Jingle Bells - Remastered 1999,Frank Sinatra
Oh Santa! (feat. Ariana Grande & Jennifer Hudson),Mariah Carey
Do You Hear What I Hear? - Remastered 2006,Bing Crosby
Hallelujah,Pentatonix
This Christmas,Donny Hathaway
Winter Wonderland,Tony Bennett
Christmas Tree Farm,Taylor Swift
Cozy Little Christmas,Katy Perry
"Merry Christmas, Happy Holidays",*NSYNC
tolerate it,Taylor Swift
Please Come Home for Christmas - 2013 Remaster,Eagles
My Kind Of Present,Meghan Trainor
happiness,Taylor Swift
ivy,Taylor Swift
dorothea,Taylor Swift
coney island (feat. The National),Taylor Swift
evermore (feat. Bon Iver),Taylor Swift
long story short,Taylor Swift
cowboy like me,Taylor Swift
marjorie,Taylor Swift
closure,Taylor Swift
She Knows This,Kid Cudi
Another Day,Kid Cudi
"Solo Dolo, Pt. III",Kid Cudi
Dive,Kid Cudi
Heaven On Earth,Kid Cudi
Sad People,Kid Cudi
Damaged,Kid Cudi
YO VISTO ASÍ,Bad Bunny
Beautiful Trip,Kid Cudi
The Void,Kid Cudi
cardigan,Taylor Swift
Real Shit (with benny blanco),Juice WRLD
Teach Me How To Love,Shawn Mendes
Blinding Lights (with ROSALÍA) - Remix,The Weeknd
"WHATS POPPIN (feat. DaBaby, Tory Lanez & Lil Wayne) - Remix","Tory Lanez, Jack Harlow"
TE DESEO LO MEJOR,Bad Bunny
Errbody,Lil Baby
Angels Like You,Miley Cyrus
Blue & Grey,BTS
Mad at Disney,salem ilese
Safaera,"Bad Bunny, Jowell & Randy, Ñengo Flow"
LA DROGA,Bad Bunny
GO (feat. Juice WRLD),The Kid LAROI
Jenny (I Wanna Ruin Our Friendship),Studio Killers
"Mood (Remix) feat. Justin Bieber, J Balvin & iann dior",24kGoldn
HOY COBRÉ,Bad Bunny
MALDITA POBREZA,Bad Bunny
EL MUNDO ES MÍO,Bad Bunny
ANTES QUE SE ACABE,Bad Bunny
SORRY PAPI,"Bad Bunny, ABRA"
120,Bad Bunny
TRELLAS,Bad Bunny
Wonderful Christmastime [Edited Version] - Remastered 2011 / Edited Version,Paul McCartney
Fly To My Room,BTS
Telepathy,BTS
Dis-ease,BTS
Stay,BTS
Heart Of Glass (Live from the iHeart Festival),Miley Cyrus
CANTARES DE NAVIDAD,Trio Vegabajeño
Plastic Hearts,Miley Cyrus
CÓMO SE SIENTE - Remix,"Jhay Cortez, Bad Bunny"
Skit,BTS
Baby (with J Balvin),Sfera Ebbasta
Tick Tock (feat. 24kGoldn),"Clean Bandit, Mabel"
Dime Cómo Quieres,"Christian Nodal, Ángela Aguilar"
Tik Tok (feat. Marracash & Guè Pequeno),Sfera Ebbasta
Jerusalema (feat. Nomcebo Zikode),Master KG
"Agua (with J Balvin) - Music From ""Sponge On The Run"" Movie",Tainy
Abracadabra (feat. Future),Sfera Ebbasta
Djadja (feat. Maluma) - Remix,Aya Nakamura
ALWAYS DO,The Kid LAROI
Smile (with The Weeknd),Juice WRLD
Pretty Savage,BLACKPINK
Savage Love (Laxed – Siren Beat) [BTS Remix],"Jawsh 685, Jason Derulo"
Mirrors,Justin Timberlake
Hollywood (feat. Diplo),Sfera Ebbasta
Runnin,"21 Savage, Metro Boomin"
Are You Bored Yet? (feat. Clairo),Wallows
"10,000 Hours (with Justin Bieber)",Dan + Shay
You Got It,Vedo
Quiéreme Mientras Se Pueda,Manuel Turizo
Party Girl,StaySolidRocky
Drankin N Smokin,"Future, Lil Uzi Vert"
Be Like That - feat. Swae Lee & Khalid,Kane Brown
MORE,"K/DA, Madison Beer, (G)I-DLE, Lexie Liu, Jaira Burns, Seraphine, League of Legends"
Enchule,Rauw Alejandro
Stripes Like Burberry,"Future, Lil Uzi Vert"
Papi Chulo,"Octavian, Skepta"
off the table (with The Weeknd),Ariana Grande
Spicy (feat. Post Malone),Ty Dolla $ign
Sweet Melody,Little Mix
Blueberry Eyes (feat. SUGA of BTS),MAX
That’s It,"Future, Lil Uzi Vert"
Promiscuous,"Nelly Furtado, Timbaland"
GREECE (feat. Drake),DJ Khaled
just like magic,Ariana Grande
Still Don't Know My Name,Labrinth
Hasta Que Dios Diga,"Anuel AA, Bad Bunny"
Get You The Moon (feat. Snøw),Kina
Moonwalking in Calabasas (feat. Blueface) - Remix,DDG
Forever After All,Luke Combs
"Lean (feat. Towy, Osquel, Beltito & Sammy & Falsetto)","Super Yei, Jone Quest"
SLOW DANCING IN THE DARK,Joji
Don Don,"Daddy Yankee, Anuel AA, Kendo Kaponi"
my future,Billie Eilish
Nada,"Cali Y El Dandee, Danna Paola"
safety net (feat. Ty Dolla $ign),Ariana Grande
shut up,Ariana Grande
nasty,Ariana Grande
TRAGIC (feat. Youngboy Never Broke Again & Internet Money),The Kid LAROI
Ayer Me Llamó Mi Ex (feat. Lenny Santos),KHEA
Madrid (feat. Myke Towers),Maluma
Caramelo - Remix,"Ozuna, KAROL G, Myke Towers"
Mr. Right Now (feat. Drake),"21 Savage, Metro Boomin"
Got It On Me,Pop Smoke
my hair,Ariana Grande
obvious,Ariana Grande
Beautiful People (feat. Khalid),Ed Sheeran
Favorito,Camilo
After Party,Don Toliver
Rojo,J Balvin
six thirty,Ariana Grande
love language,Ariana Grande
west side,Ariana Grande
Thriller,Michael Jackson
Dancing With A Stranger (with Normani),Sam Smith
Angeklagt,Bonez MC
Kids Again,Sam Smith
Highway to Hell,AC/DC
Me Gusta (with Cardi B & Myke Towers),Anitta
24 (feat. Lil Baby),Money Man
Relación,Sech
FRANCHISE (feat. Young Thug & M.I.A.),Travis Scott
Bet You Wanna (feat. Cardi B),BLACKPINK
Wolves (feat. Post Malone),Big Sean
"thank u, next",Ariana Grande
MAMACITA,"Black Eyed Peas, Ozuna, J. Rey Soul"
Fake,"Lauv, Conan Gray"
OK Not To Be OK,"Marshmello, Demi Lovato"
THE SCOTTS,"THE SCOTTS, Travis Scott, Kid Cudi"
Mamichula - con Nicki Nicole,"Trueno, Bizarrap, Taiu, TATOOL"
Let Her Go,Passenger
Play Date,Melanie Martinez
Lose Somebody,"Kygo, OneRepublic"
Someone Like You,Adele
It's You,Ali Gatie
Stunnin' (feat. Harm Franklin),Curtis Waters
Love To Hate Me,BLACKPINK
Hate The Way (feat. blackbear),G-Eazy
Bande organisée,"13 Organisé, SCH, Kofs, Jul, Naps, Soso Maness, Elams, Solda, Houari"
Crazy Over You,BLACKPINK
"Baby, I'm Jealous (feat. Doja Cat)",Bebe Rexha
TKN (feat. Travis Scott),ROSALÍA
El Mismo Aire - con Pablo Alborán,Camilo
Yo Perreo Sola,Bad Bunny
Let Me Love You Like A Woman,Lana Del Rey
DOLLAZ ON MY HEAD (feat. Young Thug),Gunna
Elegí (feat. Dímelo Flow),"Rauw Alejandro, Dalex, Lenny Tavárez"
July,Noah Cyrus
Bruises,Lewis Capaldi
You Never Know,BLACKPINK
Supalonely,"BENEE, Gus Dapperton"
Glock In My Lap,"21 Savage, Metro Boomin"
Better,ZAYN
forget me too (feat. Halsey),Machine Gun Kelly
Oh Juliana,Niack
"PORFA Remix ( Feat. Maluma, Nicky Jam, Sech) - Remix","Feid, J Balvin, Justin Quiles"
No Guidance (feat. Drake),Chris Brown
Rich Nigga Shit (feat. Young Thug),"21 Savage, Metro Boomin"
Many Men,"21 Savage, Metro Boomin"
Slidin,"21 Savage, Metro Boomin"
Outta Time (feat. Drake),Bryson Tiller
My Dawg,"21 Savage, Metro Boomin"
Snitches & Rats (feat. Young Nudy),"21 Savage, Metro Boomin"
Brand New Draco,"21 Savage, Metro Boomin"
Lemonade (Feat. Roddy Ricch & Don Toliver) [Remix],Internet Money
Your Man,Joji
No Opp Left Behind,"21 Savage, Metro Boomin"
Lets Link,WhoHeem
RIP Luv,"21 Savage, Metro Boomin"
Steppin On Niggas,"21 Savage, Metro Boomin"
Gimme Love,Joji
Ew,Joji
Daylight,"Joji, Diplo"
Epidemic,Polo G
bloody valentine,Machine Gun Kelly
MODUS,Joji
Tick Tock,Joji
Sanctuary,Joji
feel something,Bea Miller
Tap In,Saweetie
Pretty Boy (feat. Lil Yachty),Joji
Afterthought,"Joji, BENEE"
+Linda,Dalex
Over Now (with The Weeknd),Calvin Harris
Hate The Other Side (with Marshmello & The Kid Laroi),"Juice WRLD, Polo G"
drunk face,Machine Gun Kelly
Tak Tiki Tak,Harry Nach
WHATS POPPIN,Jack Harlow
Money Trees,"Kendrick Lamar, Jay Rock"
Blastoff (feat. Juice Wrld & Trippie Redd),"Internet Money, Diplo"
September,"Earth, Wind & Fire"
Secrets,"Regard, RAYE"
21,Polo G
BXL ZOO,"Damso, Hamza"
DEUX TOILES DE MER,Damso
exile (feat. Bon Iver),Taylor Swift
Righteous,Juice WRLD
Conversations,Juice WRLD
Dolly (with Lil Uzi Vert),Lil Tecca
Chicago Freestyle (feat. Giveon),Drake
GOOBA,6ix9ine
Physical,Dua Lipa
Hot Stuff,"Kygo, Donna Summer"
Who's Laughing Now,Ava Max
Sweet but Psycho,Ava Max
Del Mar,"Ozuna, Doja Cat, Sia"
Hit Different,"SZA, The Neptunes, Pharrell Williams, Ty Dolla $ign"
Nobody's Love,Maroon 5
Máquina do Tempo,Matuê
Fuckst mich nur ab,Bonez MC
Jangueo,"Alex Rose, Rafa Pabön"
We Paid (feat. 42 Dugg),Lil Baby
Ihr Hobby,"Bonez MC, Maxwell"
When I Look At You,Miley Cyrus
Boss Bitch,Doja Cat
Ain't It Different (feat. AJ Tracey & Stormzy),Headie One
Some Say - Felix Jaehn Remix,Nea
Savage Remix (feat. Beyoncé),"Beyoncé, Megan Thee Stallion"
Lithuania (feat. Travis Scott),Big Sean
"Tap In (feat. Post Malone, DaBaby & Jack Harlow)",Saweetie
Not Shy,ITZY
"The Plan - From the Motion Picture ""TENET""",Travis Scott
ADMV,Maluma
Alane,"Robin Schulz, Wes"
THE BADDEST,"K/DA, (G)I-DLE, Wolftyla, Bea Miller, League of Legends"
Desce Pro Play (PA PA PA),"Mc Zaac, Anitta, Tyga"
Mariposa,Peach Tree Rascals
the 1,Taylor Swift
RITMO (Bad Boys For Life),"Black Eyed Peas, J Balvin"
Unterwegs,"KitschKrieg, Jamule, SFR"
What's Love Got to Do with It,"Kygo, Tina Turner"
Cry About It Later,Katy Perry
Banana (feat. Shaggy) - DJ FLe - Minisiren Remix,Conkarah
Gifted (feat. Roddy Ricch),Cordae
OUT WEST (feat. Young Thug),"JACKBOYS, Travis Scott"
Anaranjado,"Jowell & Randy, J Balvin"
Reggaetonera,Anuel AA
Sour Candy (with BLACKPINK),Lady Gaga
Rags2Riches 2 (feat. Lil Baby),Rod Wave
Bandit (with YoungBoy Never Broke Again),Juice WRLD
PAM,"Justin Quiles, Daddy Yankee, El Alfa"
Lemonade,"Internet Money, Gunna, Don Toliver, NAV"
Frühstück in Paris,"Capital Bra, Cro"
ON,BTS
My Oasis (feat. Burna Boy),Sam Smith
Life's A Mess (feat. Halsey),Juice WRLD
PORFA,"Feid, Justin Quiles"
2012,"Bausa, Juju"
august,Taylor Swift
if i were u (with Lauv),blackbear
Ballin' (with Roddy Ricch),Mustard
Stay Gold,BTS
I'm Yours,Jason Mraz
Youngblood,5 Seconds of Summer
the last great american dynasty,Taylor Swift
Levitating (feat. Madonna and Missy Elliott) [The Blessed Madonna Remix],Dua Lipa
my tears ricochet,Taylor Swift
Rags2Riches (feat. ATR Son Son),Rod Wave
Flex (feat. Juice WRLD),Polo G
Rover (feat. DTG),S1mba
Only You Freestyle,"Headie One, Drake"
Hallucinate,Dua Lipa
El Efecto,"Rauw Alejandro, Chencho Corleone"
Coño,"Jason Derulo, Puri, Jhorrmountain"
Jolie nana,Aya Nakamura
Lovefool,twocolors
invisible string,Taylor Swift
Higher Love,"Kygo, Whitney Houston"
Como Llora,Juanfran
Walk Em Down (feat. Roddy Ricch),NLE Choppa
Wow.,Post Malone
mirrorball,Taylor Swift
seven,Taylor Swift
this is me trying,Taylor Swift
betty,Taylor Swift
BLIND (feat. Young Thug),DaBaby
illicit affairs,Taylor Swift
Freak,Doja Cat
PUNANI,6ix9ine
Bläulich,Apache 207
Never Let Me Down,"VIZE, Tom Gregory"
Savage,Megan Thee Stallion
mad woman,Taylor Swift
epiphany,Taylor Swift
peace,Taylor Swift
Move Ya Hips (feat. Nicki Minaj & MadeinTYO),A$AP Ferg
Sie ruft,Apache 207
Tilidin Weg,Bonez MC
Over Your Head,"Future, Lil Uzi Vert"
hoax,Taylor Swift
Blood On My Jeans,Juice WRLD
Narrow Road (feat. Lil Baby),NLE Choppa
Amarillo,J Balvin
Singapur,"El Alfa, Chael Produciendo"
Tattoo,Rauw Alejandro
"Ego Death (feat. Kanye West, FKA twigs & Skrillex)",Ty Dolla $ign
Morado,J Balvin
ocean eyes,Billie Eilish
Lion King On Ice,J. Cole
Andere Welt,"Capital Bra, Clueso, KC Rebell"
TELL ME WHY,The Kid LAROI
Stay High,Juice WRLD
What Makes You Beautiful,One Direction
Shit Changed,"Ufo361, Sonus030"
Tell Me U Luv Me (with Trippie Redd),Juice WRLD
Bad Energy,Juice WRLD
Titanic,Juice WRLD
Skechers,DripReport
The Bigger Picture,Lil Baby
Story of My Life,One Direction
Hit My Line,Logic
Party Girl (Remix),"StaySolidRocky, Lil Uzi Vert"
Up Up And Away,Juice WRLD
Man Of The Year,Juice WRLD
Fighting Demons,Juice WRLD
Can't Die,Juice WRLD
Screw Juice,Juice WRLD
Past Life (with Selena Gomez),Trevor Daniel
I Want It,Juice WRLD
Ransom,Lil Tecca
Diosa,Myke Towers
Never Know (feat. SHIRIN DAVID),Luciano
La Difícil,Bad Bunny
TROLLZ (with Nicki Minaj),6ix9ine
Old Town Road - Remix,"Lil Nas X, Billy Ray Cyrus"
The Adventures of Moon Man & Slim Shady (with Eminem),Kid Cudi
China,"Anuel AA, Daddy Yankee, KAROL G, Ozuna, J Balvin"
Hola - Remix,"Dalex, Lenny Tavárez, Chencho Corleone, Juhn, Dímelo Flow"
Ignorantes,"Bad Bunny, Sech"
Yummy,Justin Bieber
High Fashion (feat. Mustard),Roddy Ricch
Like That (feat. Gucci Mane),Doja Cat
Goodbyes (feat. Young Thug),Post Malone
BOP,DaBaby
Sigues Con El,"Dímelo Flow, Arcangel, Sech"
Anxiety - Intro,Juice WRLD
Juice WRLD Speaks From Heaven - Outro,Juice WRLD
"The Man, The Myth, The Legend - Interlude",Juice WRLD
Tiefschwarz (feat. Samra),Kontra K
Wash Us In The Blood,"Kanye West, Travis Scott"
Gangstas,Pop Smoke
Monster,Red Velvet - IRENE & SEULGI
YAYA,6ix9ine
Narcos,Anuel AA
This City,Sam Fischer
Make It Rain (feat. Rowdy Rebel),Pop Smoke
Lalala,"Y2K, bbno$"
Something Special,Pop Smoke
Aim For The Moon (feat. Quavo),Pop Smoke
44 BullDog,Pop Smoke
Creature (feat. Swae Lee),Pop Smoke
Yea Yea,Pop Smoke
Enjoy Yourself (feat. Karol G),Pop Smoke
Bad Bitch From Tokyo (Intro),Pop Smoke
Snitching (feat. Quavo & Future),Pop Smoke
West Coast Shit (feat. Tyga & Quavo),Pop Smoke
Deep End Freestyle,"Sleepy Hallow, Fousheé"
Tommy Lee (feat. Post Malone),Tyla Yaweh
Tunnel Vision (Outro),Pop Smoke
Si Veo a Tu Mamá,Bad Bunny
Prospect (ft. Lil Baby),iann dior
No Me Conoce - Remix,"Jhay Cortez, J Balvin, Bad Bunny"
El Manual,Anuel AA
Thunder,Imagine Dragons
El Efecto - Remix,"Rauw Alejandro, Chencho Corleone, KEVVO, Bryant Myers, Lyanno, Dalex"
Better Now,Post Malone
Don't Stop Believin',Journey
BLACK PARADE,Beyoncé
XXL,"Miksu / Macloud, Summer Cem, Luciano, Jamule"
Salt,Ava Max
Daisies,Katy Perry
Emotionally Scarred,Lil Baby
Myron,Lil Uzi Vert
MORE & MORE,TWICE
Girls in the Hood,Megan Thee Stallion
Parasite Eve,Bring Me The Horizon
Sucker,Jonas Brothers
I Like Me Better,Lauv
High Hopes,Panic! At The Disco
Money In The Grave (Drake ft. Rick Ross),Drake
Say So (feat. Nicki Minaj),Doja Cat
Karaoke,"Boomdabash, Alessandra Amoroso"
Know Your Worth,"Khalid, Disclosure"
No Idea,Don Toliver
Airwaves,Pashanim
Kill This Love,BLACKPINK
Lights Up,Harry Styles
Lose You To Love Me,Selena Gomez
Girls Like You (feat. Cardi B),Maroon 5
PA' ROMPERLA,"Bad Bunny, Don Omar"
VACATION,Tyga
Big Body Benz,Bonez MC
Ich weiß nicht mal wie sie heißt,"Capital Bra, Bozza"
Fútbol & Rumba (feat. Enrique Iglesias),Anuel AA
Bleed,A Boogie Wit da Hoodie
Snow On Tha Bluff,J. Cole
Djomb - Bien ou quoi,Bosh
In Your Eyes (feat. Alida),"Alida, Robin Schulz"
Stupid Love,Lady Gaga
Shotta Flow 5,NLE Choppa
IDK You Yet,Alexander 23
Piece Of Your Heart,"MEDUZA, Goodboys"
Na Raba Toma Tapão,Niack
La Santa,"Bad Bunny, Daddy Yankee"
Make You Mine,PUBLIC
ROCKSTAR (feat. Roddy Ricch) - BLM REMIX,DaBaby
Make It Rain,"Pop Smoke, Rowdy Rebel"
M' Manc (con Geolier & Sfera Ebbasta),Shablo
Emotions 2.0,"Ufo361, CÉLINE"
P2,Lil Uzi Vert
Selfish,Madison Beer
Surrender,Natalie Taylor
Turks (with Gunna & ft. Travis Scott),NAV
BYE ME FUI,Bad Bunny
Vete,Bad Bunny
Like It Is,"Kygo, Zara Larsson, Tyga"
My Oh My (feat. DaBaby),Camila Cabello
Let Me Down Slowly,Alec Benjamin
BELIEVE IT,"PARTYNEXTDOOR, Rihanna"
Boot,Apache 207
Riot,XXXTENTACION
VALLA NEIN (feat. Luciano),"KC Rebell, Summer Cem"
I’m Ready (with Demi Lovato),Sam Smith
This Is America,Childish Gambino
Fantasias,"Rauw Alejandro, Farruko"
BAD CON NICKY,"Bad Bunny, Nicky Jam"
If I Can't Have You,Shawn Mendes
What A Man Gotta Do,Jonas Brothers
Callaita,"Bad Bunny, Tainy"
Solitaires (feat. Travis Scott),Future
XO Tour Llif3,Lil Uzi Vert
changes,XXXTENTACION
Suicidal (Remix) [feat. Juice WRLD],YNW Melly
Level of Concern,Twenty One Pilots
Alice,Lady Gaga
Free Woman,Lady Gaga
Fun Tonight,Lady Gaga
Sine From Above (with Elton John),Lady Gaga
Enigma,Lady Gaga
Replay,Lady Gaga
Plastic Doll,Lady Gaga
Chromatica II,Lady Gaga
Babylon,Lady Gaga
Chromatica I,Lady Gaga
1000 Doves,Lady Gaga
Broken Glass,"Kygo, Kim Petras"
In meinem Benz,"AK AUSSERKONTROLLE, Bonez MC"
FLY,"KC Rebell, Summer Cem"
SKRR,"KALIM, Ufo361"
"T.D (Lil Yachty & Tierra Whack feat. A$AP Rocky & Tyler, The Creator)",Lil Yachty
Oprah's Bank Account (Lil Yachty & DaBaby feat. Drake),Lil Yachty
Roadrunner,Bonez MC
Freedom,"Kygo, Zak Abel"
Fame,Apache 207
Daechwita,Agust D
COOLER THAN A BITCH (feat. Roddy Ricch),Gunna
In Your Eyes (with Doja Cat) - Remix,The Weeknd
WUNNA,Gunna
Komm Komm,Capital Bra
TOP FLOOR (feat. Travis Scott),Gunna
Goodbyes (Feat. Young Thug),Post Malone
CANCIÓN CON YANDEL,"Yandel, Bad Bunny"
X (with KAROL G),Jonas Brothers
MÁS DE UNA CITA,"Bad Bunny, Zion & Lennox"
Together,Sia
eight(Prod.&Feat. SUGA of BTS),IU
You should be sad,Halsey
CITY OF ANGELS,24kGoldn
Astronomia,"Vicetone, Tony Igy"
After Hours,The Weeknd
BUTTERFLY EFFECT,Travis Scott
Never Seen the Rain,Tones And I
Sigues Con El - Remix,"Arcangel, Sech, Romeo Santos"
ANGELS & DEMONS,jxdn
Confía,"Sech, Daddy Yankee"
Muévelo,"Nicky Jam, Daddy Yankee"
All Bad (feat. Lil Uzi Vert),Future
Pain 1993 (with Playboi Carti),Drake
Trillionaire (feat. Youngboy Never Broke Again),Future
Go Stupid,"Polo G, Stunna 4 Vegas, NLE Choppa, Mike WiLL Made-It"
A Gente Fez Amor - Ao Vivo,Gusttavo Lima
Racks 2 Skinny,Migos
Be Something (feat. Lil Baby),Polo G
BENDICIONES,Bad Bunny
PTSD,"G Herbo, Juice WRLD, Lil Uzi Vert, Chance the Rapper"
Excitement,"Trippie Redd, PARTYNEXTDOOR"
Can We Kiss Forever?,"Kina, Adriana Proenza"
SI ELLA SALE,Bad Bunny
RONCA FREESTYLE,Bad Bunny
Zoo York (feat. Fivio Foreign & Pop Smoke),Lil Tjay
EN CASITA,"Bad Bunny, Gabriela"
Qué Maldición,"Banda MS de Sergio Lizárraga, Snoop Dogg"
Nicht verdient,"Capital Bra, Loredana"
A Tu Merced,Bad Bunny
Demons (feat. Fivio Foreign & Sosa Geek),Drake
Moral of the Story,Ashe
Can I,Kehlani
STARGAZING,Travis Scott
Eastside (with Halsey & Khalid),benny blanco
Suicidal,YNW Melly
How Do You Sleep?,Sam Smith
No Time To Die,Billie Eilish
D4L,"Future, Drake, Young Thug"
Time Flies,Drake
Desires (with Future),Drake
Not You Too (feat. Chris Brown),Drake
Landed,Drake
When To Say When,Drake
Deep Pockets,Drake
War,Drake
From Florida With Love,Drake
Losses,Drake
Turks (feat. Travis Scott),"NAV, Gunna"
Boyfriend,Selena Gomez
What If I Told You That I Love You,Ali Gatie
Emotions,Ufo361
FIND MY WAY,DaBaby
Keii,Anuel AA
God's Plan,Drake
Por Primera Vez,"Camilo, Evaluna Montaner"
@ MEH,Playboi Carti
Broke In A Minute,Tory Lanez
Fantasias - Remix,"Rauw Alejandro, Anuel AA, Natti Natasha, Farruko, Lunay"
SUGAR,BROCKHAMPTON
90-60-111,Shirin David
YOSEMITE,Travis Scott
Houdini (feat. Swarmz & Tion Wayne),KSI
Sasuke,Lil Uzi Vert
Me Gusta,"Shakira, Anuel AA"
If You’re Too Shy (Let Me Know) - Edit,The 1975
"Alone, Pt. II","Alan Walker, Ava Max"
Tutu,"Camilo, Pedro Capó"
Hate Me (with Juice WRLD),Ellie Goulding
Still Be Friends (feat. Tory Lanez & Tyga),G-Eazy
Blanco,J Balvin
PICK UP (feat. Quavo),DaBaby
JUMP (feat. YoungBoy Never Broke Again),DaBaby
LIGHTSKIN SH*T (feat. Future & jetsonmade),DaBaby
That Way - Bonus Track,Lil Uzi Vert
No Me Ame,"Rvssian, Anuel AA, Juice WRLD"
I'll Wait,"Kygo, Sasha Alex Sloan"
Oprah’s Bank Account (Lil Yachty & DaBaby feat. Drake),Lil Yachty
BLAME IT ON BABY,DaBaby
Follow,"KAROL G, Anuel AA"
3 Nights,Dominic Fike
The Take (feat. Chris Brown),Tory Lanez
Stupid Again,Tory Lanez
Shotz Fired,Bonez MC
BaeBae,Samra
To Die For,Sam Smith
WANNABE,ITZY
Takeaway,"The Chainsmokers, ILLENIUM, Lennon Stella"
Heart On Ice,Rod Wave
La Cama - Remix,"Lunay, Myke Towers, Ozuna, Chencho Corleone, Rauw Alejandro"
Go Stupid (feat. NLE Choppa & Mike WiLL Made-It),"Polo G, Stunna 4 Vegas"
Cradles,Sub Urban
Good as Hell (feat. Ariana Grande),Lizzo
Forever (feat. Post Malone & Clever),Justin Bieber
I Love Me,Demi Lovato
Old Me,5 Seconds of Summer
Pero Ya No,Bad Bunny
Hardest To Love,The Weeknd
BRABA,Luísa Sonza
Woah,Lil Baby
Pretty Please,Dua Lipa
I.F.L.Y.,Bazzi
Cool,Dua Lipa
Future Nostalgia,Dua Lipa
Good In Bed,Dua Lipa
Scared To Live,The Weeknd
Alone Again,The Weeknd
Boys Will Be Boys,Dua Lipa
Auto Blu,"Shiva, Eiffel 65"
Du bist mein,"Zuna, Loredana, SRNO"
Too Late,The Weeknd
Wildflower,5 Seconds of Summer
Faith,The Weeknd
Snowchild,The Weeknd
Escape From LA,The Weeknd
Allein sein,Ufo361
Bichiyal,"Bad Bunny, Yaviah"
Medusa,"Jhay Cortez, Anuel AA, J Balvin"
Break Up Song,Little Mix
Teeth,5 Seconds of Summer
Repeat After Me (Interlude),The Weeknd
Until I Bleed Out,The Weeknd
Rosa,J Balvin
Gris,J Balvin
Negro,J Balvin
Verde,"J Balvin, Sky Rompiendo"
Baby Pluto,Lil Uzi Vert
Lo Mein,Lil Uzi Vert
No Judgement,Niall Horan
Futsal Shuffle 2020 - Bonus Track,Lil Uzi Vert
Arcoíris,"J Balvin, Mr Eazi"
TOES (feat. Lil Baby & Moneybagg Yo),DaBaby
Feel Me,Selena Gomez
H <3 T E L,"Dardan, Monet192"
25/8,Bad Bunny
Se Me Olvidó,Christian Nodal
B.S. (feat. H.E.R.),Jhené Aiko
Soliá,Bad Bunny
Está Cabrón Ser Yo,"Bad Bunny, Anuel AA"
Bean (Kobe) [feat. Chief Keef],Lil Uzi Vert
Yessirskiii,"Lil Uzi Vert, 21 Savage"
Cardigan,Don Toliver
Silly Watch,Lil Uzi Vert
Hablamos Mañana,"Bad Bunny, Duki, Pablo Chill-E"
Lotus,Lil Uzi Vert
Lettre à une femme,Ninho
Que Malo,"Bad Bunny, Ñengo Flow"
Leaders (feat. NAV),Lil Uzi Vert
Strawberry Peels (feat. Young Thug & Gunna),Lil Uzi Vert
La Zona,Bad Bunny
Wassup (feat. Future),Lil Uzi Vert
Una Vez,"Bad Bunny, Mora"
Moon Relate,Lil Uzi Vert
Black And White,Niall Horan
The Other Side (from Trolls World Tour),"SZA, Justin Timberlake"
Whine Up,"Nicky Jam, Anuel AA"
Ayy Macarena,Tyga
Trap This Way (This Way),Lil Uzi Vert
Who (feat. BTS),Lauv
Homecoming,Lil Uzi Vert
Got The Guap (feat. Young Thug),Lil Uzi Vert
Prices,Lil Uzi Vert
I Can Show You,Lil Uzi Vert
I'm Sorry,Lil Uzi Vert
Black Swan,BTS
Bad Child,Tones And I
Adicto (with Anuel AA & Ozuna),Tainy
<3,Bad Bunny
"Bad Girls, Good Vibes",Ufo361
Liberdade Provisória - Ao Vivo,Henrique & Juliano
POP,Lil Uzi Vert
Celebration Station,Lil Uzi Vert
Bigger Than Life,Lil Uzi Vert
Venetia,Lil Uzi Vert
You Better Move,Lil Uzi Vert
Chrome Heart Tags,Lil Uzi Vert
Bust Me,Lil Uzi Vert
René,Residente
Secure The Bag,Lil Uzi Vert
Urgency (feat. Syd),Lil Uzi Vert
ON (Feat. Sia),BTS
P FKN R,"Bad Bunny, Kendo Kaponi, Arcangel"
Modern Loneliness,Lauv
Heatin Up (feat. Gunna),Lil Baby
SKYBOX,Gunna
Young & Alive,Bazzi
i'm so tired...,"Lauv, Troye Sivan"
"Numbers (feat. Roddy Ricch, Gunna and London On Da Track)",A Boogie Wit da Hoodie
Girl,Myke Towers
Puesto Pa' Guerrial,"Bad Bunny, Myke Towers"
Definitivamente,"Daddy Yankee, Sech"
South of the Border (feat. Camila Cabello & Cardi B),Ed Sheeran
I Fall Apart,Post Malone
"fuck, i'm lonely (with Anne-Marie)",Lauv
Aventura,"Lunay, Ozuna, Anuel AA"
Rare,Selena Gomez
VIBEZ,DaBaby
Mean It,"Lauv, LANY"
That Way,Lil Uzi Vert
Live Off My Closet (feat. Future),Lil Baby
Commercial (feat. Lil Uzi Vert),Lil Baby
Sum 2 Prove,Lil Baby
Filter,BTS
Matrix,Apache 207
Bellaquita - Remix,"Dalex, Lenny Tavárez, Anitta, Natti Natasha, Farruko, Justin Quiles"
Infeliz,"Arcangel, Bad Bunny"
Que Tire Pa Lante,Daddy Yankee
Futsal Shuffle 2020,Lil Uzi Vert
GOODMORNINGTOKYO!,TOKYO’S REVENGE
Own It (feat. Ed Sheeran & Burna Boy),Stormzy
"Life Is Good (feat. Drake, DaBaby & Lil Baby) - Remix",Future
My Time,BTS
100k Cash,"Capital Bra, Samra"
Drown (feat. Clinton Kane),Martin Garrix
me & ur ghost,blackbear
QUE PRETENDES,"J Balvin, Bad Bunny"
You Need To Calm Down,Taylor Swift
Quizas,"Rich Music LTD, Sech, Dalex, Justin Quiles, Lenny Tavárez, Feid, Wisin, Zion"
Soltera - Remix,"Lunay, Daddy Yankee, Bad Bunny"
Trampoline (with ZAYN),SHAED
Truth Hurts,Lizzo
bury a friend,Billie Eilish
Louder than bombs,BTS
UGH!,BTS
00:00 (Zero O’Clock),BTS
Friends,BTS
We are Bulletproof : the Eternal,BTS
Inner Child,BTS
Moon,BTS
Outro : Ego,BTS
Interlude : Shadow,BTS
Respect,BTS
Tudo Ok,"Thiaguinho MT, Mila, JS o Mão de Ouro"
Perreo en La Luna,"Rich Music LTD, Sech, Dalex, Justin Quiles, Lenny Tavárez, Feid"
"Lose Yourself - From ""8 Mile"" Soundtrack",Eminem
all the good girls go to hell,Billie Eilish
SENTADÃO,"PEDRO SAMPAIO, Felipe Original, JS o Mão de Ouro"
Lottery (Renegade),K CAMP
Si Te Vas,"Sech, Ozuna"
Que Calor (with J Balvin & El Alfa),"Major Lazer, Diplo"
Rich Rich,Ufo361
Indeciso,"Reik, J Balvin, Lalo Ebratt"
i love you,Billie Eilish
Mejor,"Dalex, Sech"
Give No Fxk,"Migos, Travis Scott, Young Thug"
Come Around Me,Justin Bieber
Habitual,Justin Bieber
All Around Me,Justin Bieber
Get Me (feat. Kehlani),Justin Bieber
Second Emotion (feat. Travis Scott),Justin Bieber
Running Over (feat. Lil Dicky),Justin Bieber
Available,Justin Bieber
Breathe Deeper,Tame Impala
Changes,Justin Bieber
Confirmation,Justin Bieber
Mios mit Bars,Luciano
E.T.A.,Justin Bieber
Borderline,Tame Impala
Take It Out On Me,Justin Bieber
No Shame,5 Seconds of Summer
Might Not Give Up (feat. Young Thug),A Boogie Wit da Hoodie
That's What Love Is,Justin Bieber
Forever Yours - Avicii Tribute,"Kygo, Sandro Cavazza"
Baby,"Joker Bra, VIZE"
One More Year,Tame Impala
Good News,Mac Miller
wish you were gay,Billie Eilish
Only The Young - Featured in Miss Americana,Taylor Swift
Lost In Yesterday,Tame Impala
At Least For Now,Justin Bieber
you should see me in a crown,Billie Eilish
Too Good At Goodbyes,Sam Smith
Intentions,"Justin Bieber, Quavo"
Yikes,Nicki Minaj
Yellow Hearts,Ant Saunders
Birthday,Anne-Marie
HIGHEST IN THE ROOM (feat. ROSALÍA & Lil Baby) - REMIX,Travis Scott
Good as Hell (feat. Ariana Grande) - Remix,Lizzo
"I Do It (ft. Big Sean, Lil Baby)",Lil Wayne
Get Me,"Justin Bieber, Kehlani"
"Yo x Ti, Tu x Mi","ROSALÍA, Ozuna"
"DJ No Pare (feat. Zion, Dalex, Lenny Tavárez) - Remix","Justin Quiles, Natti Natasha, Farruko"
EARFQUAKE,"Tyler, The Creator"
Pa' Olvidarme De Ella,"Piso 21, Christian Nodal"
Loco Contigo (feat. J. Balvin & Tyga),"DJ Snake, J Balvin"
Psycho,Red Velvet
Suge,DaBaby
Con Altura,"ROSALÍA, J Balvin, El Guincho"
Only Human,Jonas Brothers
Eleven,Khalid
Talk (feat. Disclosure),Khalid
Hot (Remix) [feat. Gunna and Travis Scott],"Travis Scott, Young Thug"
Weiss,Samra
Con Calma,"Daddy Yankee, Snow"
MIDDLE CHILD,J. Cole
Otro Trago - Remix,"Sech, Ozuna, Anuel AA, Darell, Nicky Jam"
FML,Arizona Zervas
King Of My City,A Boogie Wit da Hoodie
Those Kinda Nights (feat. Ed Sheeran),Eminem
Mon Ami,Samra
Break My Stride,Matthew Wilder
Kein Wort,"Juju, Loredana, Miksu / Macloud"
Graveyard,Halsey
Wake Up Call (feat. Trippie Redd),KSI
Turn Me On (feat. Vula),"Riton, Oliver Heldens"
Hips Don't Lie (feat. Wyclef Jean),Shakira
Liar,Camila Cabello
Going Bad (feat. Drake),Meek Mill
ME! (feat. Brendon Urie of Panic! At The Disco),Taylor Swift
Panini,Lil Nas X
idontwannabeyouanymore,Billie Eilish
The London (feat. J. Cole & Travis Scott),"J. Cole, Young Thug"
223's (feat. 9lokknine),YNW Melly
Darkness,Eminem
"You Gon’ Learn (feat. Royce Da 5'9"" & White Gold)",Eminem
Blue World,Mac Miller
Liberdade Provisória,Henrique & Juliano
Unaccommodating (feat. Young M.A),Eminem
Donuts,Gzuz
Leaving Heaven (feat. Skylar Grey),Eminem
Zu Ende,"Samra, ELIF"
B.I.T.C.H.,Megan Thee Stallion
Look At Her Now,Selena Gomez
Bi Sonraki Hayatımda Gel,"Murda, Ezhel"
Legends,Juice WRLD
11 PM,Maluma
Post Malone (feat. RANI),Sam Feldt
In Too Deep,Eminem
Premonition - Intro,Eminem
I Can See,Mac Miller
Hand Me Downs,Mac Miller
No Regrets (feat. Don Toliver),Eminem
Complicated,Mac Miller
Lock It Up (feat. Anderson .Paak),Eminem
Marsh,Eminem
Stepdad,Eminem
"Yah Yah (feat. Royce Da 5'9"", Black Thought, Q-Tip & Denaun)",Eminem
Never Love Again,Eminem
Woods,Mac Miller
Farewell,Eminem
Everybody,Mac Miller
Alfred - Interlude,Eminem
Little Engine,Eminem
"I Will (feat. KXNG Crooked, Royce Da 5'9"" & Joell Ortiz)",Eminem
Still Learning,Halsey
Surf,Mac Miller
That's On Me,Mac Miller
Once A Day,Mac Miller
Big Drip,"Ufo361, Future"
Hands,Mac Miller
Dans l'espace (feat. Heuss l'Enfoiré),Gambi
Blanche,"Maes, Booba"
Vulnerable,Selena Gomez
Dance Again,Selena Gomez
Ring,Selena Gomez
Crowded Room (feat. 6LACK),Selena Gomez
People You Know,Selena Gomez
Up All Night,Khalid
Nice To Meet Ya,Niall Horan
Into the Unknown,"Idina Menzel, AURORA"
Let Me Get Me,Selena Gomez
A Sweeter Place (feat. Kid Cudi),Selena Gomez
Stuck In A Dream (feat. Gunna),Lil Mosey
Take What You Want (feat. Ozzy Osbourne & Travis Scott),Post Malone
Tip Toe (feat. A Boogie Wit da Hoodie),Roddy Ricch
Start Wit Me (feat. Gunna),Roddy Ricch
Diamonds (with Normani),Megan Thee Stallion
Don't Call Me Up,Mabel
Death,"Trippie Redd, DaBaby"
Calma - Remix,"Pedro Capó, Farruko"
Cut You Off,Selena Gomez
Kinda Crazy,Selena Gomez
2002,Anne-Marie
"Taki Taki (feat. Selena Gomez, Ozuna & Cardi B)",DJ Snake
Family,"The Chainsmokers, Kygo"
GANG GANG,"JACKBOYS, Sheck Wes"
Had Enough (feat. Quavo & Offset),Don Toliver
WHAT TO DO? (feat. Don Toliver),"JACKBOYS, Travis Scott"
"Writing on the Wall (feat. Post Malone, Cardi B & Rvssian)",French Montana
VALENTINO,24kGoldn
"fuck, i'm lonely (with Anne-Marie) - from “13 Reasons Why: Season 3”",Lauv
Roller,Apache 207
Never Really Over,Katy Perry
One Kiss (with Dua Lipa),Calvin Harris
Fantasía,Ozuna
Trampoline,"SHAED, ZAYN"
GATTI,"JACKBOYS, Pop Smoke, Travis Scott"
Candy,Doja Cat
JACKBOYS,JACKBOYS
Combatchy (feat. MC Rebecca),"Anitta, Lexa, Luísa Sonza"
Old Town Road,Lil Nas X
Let Me Know (I Wonder Why Freestyle),Juice WRLD
Ne reviens pas,"Gradur, Heuss L'enfoiré"
New Rules,Dua Lipa
Cheirosa - Ao Vivo,Jorge & Mateus
Havana (feat. Young Thug),Camila Cabello
Surtada - Remix Brega Funk,"Dadá Boladão, Tati Zaqui, OIK"
Lover (Remix) [feat. Shawn Mendes],Taylor Swift
